{"max": "999474215", "min": "4251665", "avg": "482656274.0941884", "sum": "327312197", "std": "297673730.16027325", "text": {"Водолей": 41, "Лев": 44, "Дева": 50, "Овен": 50, "Рак": 40, "Телец": 40, "Весы": 44, "Стрелец": 44, "Рыбы": 39, "Козерог": 45, "Скорпион": 27, "Близнецы": 35}}