{"sum": 755279.0, "avr": 551.7012417823229, "sumMD": 40098.0, "avrMD": 1083.7297297297298, "sumSD": 0.0, "avrSD": 0.0, "max": 998.0, "min": 998.0}