{"max": "999744", "min": "1304", "avg": "492636.5292929293", "sum": "1463130492", "std": "283098.20134785125", "text": {"Shirt": 187, "Handbags": 176, "Pants": 177, "Belts": 192, "Jacket": 184, "Skirt": 177, "Dress": 204, "Shoes": 177, "Jeans": 187, "Blouse": 185, "Umbrellas": 188, "Sweater": 190, "Gloves": 213, "T-shirt": 203, "Hat": 174, "Socks": 156}}